"NOM [cite: 4]","QTÉ [cite: 5]","DPT [cite: 6]","PRIX [cite: 7]","DESCRIPTION [cite: 8]"
"KIT SON NTG 3+ H6 [cite: 9]","","Audio [cite: 10]","70$ [cite: 11]","NTG3+H6+fil XLR [cite: 12]"
"Lavalier AVX-MKE2 SET-4 Digital Camera-Mount Wireless Omni [cite: 13]","1 [cite: 15]","Audio [cite: 16]","5DS [cite: 17]","1x AVX receiver (XLR) [cite: 14], Lavalier Microphone System (1.9 GHz) [cite: 18], 1x AVX transmitter [cite: 19], 2x female XLR to 3.5mm (jack 1/8) [cite: 20]"
"Lavalier Tentacle Sync TRACKE [cite: 21]","1 [cite: 22]","Audio [cite: 23]","255 [cite: 24]","https://teriticlesync.com/tmcke [cite: 25]"
"Lavalier Tentacle Sync Mk II Time code generator [cite: 26]","1 [cite: 27]","Audio [cite: 28]","25$ [cite: 29]",""
"DJI Ronin Rs2 [cite: 31]","","Cameras [cite: 32]","90$ [cite: 33]","Tilta Battery Plate for DJI RS 2 Ring Grip (V-Mount) [cite: 34], Tilta Nucleus-M Handgrip Universal Gimbal Adapters with Rosettes (L/R) [cite: 35], Tilta Extended Quick Release Baseplate for DJI RS 2 [cite: 36], Tilta Advanced Ring Grip for DJI RS 2 Gimbal [cite: 37], Tilta Power Supply Module for Ring Grip [cite: 38]"
"OSEE Moniteur 21"" [cite: 39]","","Cameras [cite: 40]","1005 [cite: 41]","OSEE G7 73000 cd/m² SDI/HDMI On-Camera Monitor [cite: 42], Dans le caise 935 Noir extra unit abimë dans son caisse originale [cite: 45]"
"VISTEK BM7 11 DS 7 High Bright [cite: 46]","","Cameras [cite: 47]","75$ [cite: 48]",""
"Konovision/IKAN KVM-2350W 23po [cite: 49]","","Cameras [cite: 50]","1505 [cite: 51]",""
"Kit KOMODO BK-DSCM3-SUR DEMANDE [cite: 52]","1 [cite: 58]","Cameras [cite: 59]","SUR DEMANDE [cite: 60]","1x Komodo 6K [cite: 61], 1x Speedbooster 0.71x RF to EF-2x Metabone RF to EF [cite: 62], 2x 512G ProGrade [cite: 63], 1x 512G Angiebird [cite: 64], 1x lecteur CFast2.0+ cable USB-C [cite: 65], Full Cage BSinn: Top handle, rode expender, base plate [cite: 66], Full Cage Tita top cold shoe [cite: 67]"
"KIT RED MONSTRO 8K-SUR DEMANDE [cite: 53]","","Cameras [cite: 69]","SUR DEMANDE [cite: 68]",""
"Module 8 Tuner L1-Super Baltar (RF) [cite: 54]","","","255 [cite: 72]","MODIFIER adapter RF to EF-https://www.shopmoment. com/pages/module-8-tunera [cite: 71, 73]"
"Module 8 Tuner L2-K35 (RF) [cite: 55]","","","25$ [cite: 75]","MODIFIER adapter RF to EF- //www.shopmoment. com/pages/module-8-tuners [cite: 74, 76]"
"Cage SmaliRIG [cite: 77]","1 [cite: 80]","Cameras [cite: 81]","150$ [cite: 82]","Top handle [cite: 78], 1x coil Full HDMI cable to mini HDMI [cite: 79], 4x generique Canon LP-E6 [cite: 83], 4x Canon Canon LP-E6N [cite: 84], 1x Canon Canon LP-E6Nh [cite: 85]"
"sur Trepid OConnor 30L Two-Stage Carbon Fiber Tripod Legs (100mm [cite: 86]","","","1255 [cite: 88]","O'Connor 1030d fluid head [cite: 87], Bowl, Standard) [cite: 89]"
"Hihat 100m O'Connor [cite: 90]","","","20$ [cite: 91]","Sur base plate (highhat 100mm) [cite: 92]"
"Sachtler ACE XL Tripod System with FT 75 Legs & Mid-Level Spreader (75mm Bowl) [cite: 93]","1 [cite: 94]","Cameras [cite: 95]","70$ [cite: 96]",""
"Tripod Manfrotto 501 HDV [cite: 97]","1 [cite: 98]","Cameras [cite: 99]","50$ [cite: 100]",""
"Elvid 7-Section Acrylic Production Slate with Soft Case Kit [cite: 101]","","Cameras [cite: 102]","5$ [cite: 103]",""
"SmallHD FOCUS 7 Bolt 500 RX (NPF battery) [cite: 104]","","","",""
"Teradek Bold 500 (1080p) [cite: 105]","","Cameras [cite: 108]","1755 [cite: 109]","3G-SDI/HDMI Wireless Transmitter And Receiver [cite: 106], 50S [cite: 107]"
"Impact Baby Drop Down Pin [cite: 111]","2 [cite: 111]","Grip [cite: 111]","",""
"Matthews Matthellini Clamp with 3 Center Jaw [cite: 111]","2 [cite: 111]","Grip [cite: 111]","",""
"Impact 20"" Grip Arm with Big Handle x 2 [cite: 111]","2 [cite: 111]","Grip [cite: 111]","",""
"Impact Folding Wheeled Base Stand (Black/Chrome-plated, 3.5')x2 [cite: 111]","2 [cite: 111]","Grip [cite: 111]","",""
"Impact Boom Arm (Chrome-plated, 86"") [cite: 111]","2 [cite: 111]","Grip [cite: 111]","",""
"Grip Head [cite: 111]","10 [cite: 111]","Grip [cite: 111]","",""
"Mafer Clamp (noire) [cite: 111]","4 [cite: 111]","Grip [cite: 111]","",""
"Maler Clamp (grises) [cite: 111]","2 [cite: 111]","Grip [cite: 111]","",""
"Sacs de sable [cite: 111]","15 [cite: 111]","Grip [cite: 111]","",""
"Couvertes de son [cite: 111]","8 [cite: 111]","Grip [cite: 111]","",""
"Rallonges 50 [cite: 111]","4 [cite: 111]","Grip [cite: 111]","",""
"Mateliini 2pa [cite: 111]","2 [cite: 111]","Grip [cite: 111]","",""
"Matelinni 6po [cite: 111]","4 [cite: 111]","Grip [cite: 111]","",""
"Impact PortaFrame Scrim Flag Kit (24x36°) [cite: 111]","1 [cite: 111]","Grip/Diff [cite: 111]","",""
"Westcott Scrim Jim Cine Frame Set (8x8') [cite: 111]","1 [cite: 111]","Grip/Diff [cite: 111]","",""
"Westcott Scnm Jim Cine Kit (6'x6') [cite: 111]","1 [cite: 111]","Grip/Diff [cite: 111]","",""
"Westcott Scrim Jim Cine Solid Black Block Fabric (6x6') [cite: 111]","1 [cite: 111]","Grip/Diff [cite: 111]","",""
"Scrim Jim Cine 3/4-Stop Diffusion Fabric (6' x 8') [cite: 111]","1 [cite: 111]","Grip/Gaffer [cite: 111]","",""
"Scrim Jim Cine 2-in-1 Silver/White Bounce Fabric ( ' x 6') [cite: 111]","1 [cite: 111]","Grip/Gaffer [cite: 111]","",""
"Westcott Scrim Jim Cine Seamless Full-Stop Diffusion Fabric (8x8') [cite: 111]","1 [cite: 111]","Grip/Gaffer [cite: 111]","",""
"Westcott Scrim Jim Cine Seamless Full-Stop Diffusion Fabric (6x6° [cite: 111]","1 [cite: 111]","Grip/Gaffer [cite: 111]","",""
"Matthews 40x40"" Floppy ULTRABOUNCE bottom Hinge [cite: 111]","2 [cite: 111]","Grip/Gaffer [cite: 111]","",""
"Matthews 40x40 Floppy Cutter-Bottom Hinge [cite: 111]","2 [cite: 111]","Grip/Gaffer [cite: 111]","",""
"Rosco E-Colour #210.6 Neutral Density (48"" x 25 Roll) [cite: 111]","","Grip/Gaffer [cite: 111]","",""
"Matthews-4.5"" Hollywood Grip Head [cite: 111]","2 [cite: 111]","Grip/Gaffer [cite: 111]","",""
"Matthews Hollywood Combo Double Riser Stand (11.3) [cite: 111]","1 [cite: 111]","Grip/Gaffer [cite: 111]","",""
"Matthews Hollywood Combo Triple Riser Stand (Silver, 14.8-4.5m) [cite: 111]","1 [cite: 111]","Grip/Gaffer [cite: 111]","",""
"C-Stands [cite: 148]","8 [cite: 149]","Grip [cite: 150]","",""
"Manfrotto Light stands [cite: 151]","4 [cite: 152]","Grip [cite: 153]","55 [cite: 154]",""
"Matthews Hollywood Baby Jr. Triple Riser Stand [cite: 155]","1 [cite: 156]","Grip [cite: 157]","15$ [cite: 158]",""
"AC Cable 12/3-50 [cite: 159]","4 [cite: 160]","Grip/Gaffer [cite: 161]","15$ [cite: 162]",""
"Aluminium Pipe, API 6061 1-1/4 NPS x Sched40 x 9 (1.500) [cite: 163]","2 [cite: 164]","Grip/Gaffer [cite: 165]","",""
"TETHER TOO PRO TETHERING KIT-AERO MA (support for connected photoshoot camera) [cite: 166]","1 [cite: 167]","Grip/Gaffer [cite: 168]","10$ [cite: 169]",""
"750 baby base plate [cite: 170]","2 [cite: 171]","Grip [cite: 172]","",""
"2k baby base plate [cite: 173]","2 [cite: 174]","Grip [cite: 175]","",""
"Canon 28-7012 RF [cite: 177]","","Lentilles [cite: 178]","505 [cite: 179]",""
"Sigma 35mm ART 1.8 [cite: 180]","1 [cite: 186]","Lentilles [cite: 187]","25$ [cite: 188]",""
"Sigma 18mm ART [cite: 181]","1 [cite: 189]","Lentilles [cite: 190]","255 [cite: 191]",""
"Rokinon 14mm T3.1 [cite: 182]","1 [cite: 192]","Lentilles [cite: 193]","20$ [cite: 194]",""
"Leica Lens kit 28-35-50-60macro.80.90mm [cite: 183]","1 [cite: 195]","Lentilles [cite: 196]","",""
"Leica R 28mm 2.8 Elmarit-CineMod-Canon EF [cite: 184]","1 [cite: 197]","Lentilles [cite: 198]","",""
"Leica R 35mm 2.8 Elmarit-CineMod-Canon EF [cite: 185]","","Lentilles [cite: 199]","",""
"Leica R 50mm 1.4 Summilux-CineMod-Canon EF / Leica R 60mm MACRO 2.8 Elmarit - CineMod-Canon EF [cite: 200]","","Lentilles [cite: 201]","SUR DEMANDE [cite: 202]",""
"Leica R 80mm 1.4 Summilux-Rehoused-Canon EF [cite: 204]","1 [cite: 205]","Lentilles [cite: 206]","",""
"Leica R 90mm 2 Summicron-CineMod-Canon EF [cite: 207]","","","",""
"ISCO 2x anamorphic lens (adapteur) [cite: 208]","","","",""
"Aputure Spotlight 19 degrés [cite: 209]","1 [cite: 209]","Lumières [cite: 209]","50$ [cite: 209]",""
"Aputure 1200D [cite: 209]","1 [cite: 209]","Lumières [cite: 209]","3505 [cite: 209]",""
"Aputure Nova p300C [cite: 209]","2 [cite: 209]","Lumières [cite: 209]","300 [cite: 209]",""
"Aputure 600D Pro [cite: 209]","1 [cite: 209]","Lumières [cite: 209]","2005 [cite: 209]",""
"Aputure 300D Mk II [cite: 209]","1 [cite: 209]","Lumières [cite: 209]","60$ [cite: 209]",""
"Amaran TAC (RGB) [cite: 209]","2 [cite: 209]","Lumières [cite: 209]","40$ [cite: 209]",""
"Arnaran T2C (RGB) [cite: 209]","2 [cite: 209]","Lumières [cite: 209]","30$ [cite: 209]",""
"Amaran F22c (RGB) [cite: 209]","1 [cite: 209]","Lumières [cite: 209]","80$ [cite: 209]",""
"Amaran 300C (RGBWW) [cite: 209]","2 [cite: 209]","Lumières [cite: 209]","40$ [cite: 209]",""
"Aputure ampoules B7C [cite: 209]","4 [cite: 209]","Lumières [cite: 209]","10S [cite: 209]",""
"Aputure MC kit+soft + egg crate [cite: 209]","5 [cite: 209]","Lumières [cite: 209]","40$ [cite: 209]",""
"Aputure Light Dome 150 Softbox (5ft) [cite: 209]","1 [cite: 209]","Lumières [cite: 209]","40$ [cite: 209]",""
"Aputure Lanteme 90 [cite: 209]","1 [cite: 209]","Lumières [cite: 209]","255 [cite: 209]",""
"Aputure Lightdome + egg crate [cite: 209]","1 [cite: 209]","Lumières [cite: 209]","25$ [cite: 209]",""
"Aputure lightbox 30120 12x48"" [cite: 209]","","Lumières [cite: 209]","25$ [cite: 209]",""
"Aputure Space soft [cite: 209]","1 [cite: 209]","Lumières [cite: 209]","10$ [cite: 209]",""
"Aputure F10 Bamdoors for LS 600d Fresnel Attachment [cite: 209]","2 [cite: 209]","Lumières [cite: 209]","205 [cite: 209]",""
"Aputure Fresnel Attachment LS 600d [cite: 209]","1 [cite: 209]","Lumières [cite: 209]","105 [cite: 209]",""
"Aputure Softbox for P300c LED Panel x 2 [cite: 209]","2 [cite: 209]","Lumières [cite: 209]","10$ [cite: 209]",""
"Aputure Fresnel 2X Attachment x 2 [cite: 209]","2 [cite: 209]","Lumières [cite: 209]","1.5$ [cite: 209]",""
"Aputure Barndoors for Nova P300c LED Panel [cite: 209]","1 [cite: 209]","Lumières [cite: 209]","10$ [cite: 209]",""